year,hhid,plot_area,sr_yield,cc_yield,,
2,101,0.098254,381.2219,74.38139,,
1,101,0.084878,3197.471,2818.802,,
2,102,0.31211,883.2995,188.5305,,
1,102,0.049807,1507.458,228.8318,,
1,103,0.020747,2442.573,2619.634,,
2,103,0.11405,2137.176,1848.827,,
1,104,0.091843,337.1013,1356.184,,
2,104,0.133263,1103.817,2175.352,,
2,105,0.32666,238.4118,90.87553,,
1,105,0.06427,1927.584,1067.53,,
2,108,0.16385,181.5548,734.1163,,
1,108,0.3721,180.1591,1662.716,,
1,109,0.096277,1608.843,1066.182,,
2,109,0.090754,1199.051,2287.041,,
1,111,0.093112,3518.443,391.1415,,
2,111,0.19602,647.9376,300.6902,,
2,112,0.15478,327.8936,1063.104,,
1,112,0.13603,422.8672,20.68636,,
1,113,0.21036,1134.863,1581.114,,
2,113,0.058157,1159.263,1811.58,,
2,201,0.15457,1032.719,1215.963,,
1,201,0.32055,784.8062,2325.74,,
2,202,0.11918,807.996,1249.621,,
1,202,0.021892,7894.678,3926,,
2,203,0.46089,898.1049,945.5071,,
1,203,0.15992,1944.282,1002.641,,
1,204,0.19012,449.1983,4095.158,,
2,204,0.04255,6932.326,852.1619,,
2,207,0.46824,433.0504,563.0781,,
1,207,0.096377,604.3943,699.6727,,
1,208,0.4167,2170.244,1602.804,,
2,208,0.46696,759.9444,1213.059,,
1,209,0.033951,4384.522,1286.175,,
2,209,0.095225,1869.248,498.4622,,
1,211,0.30944,1638.113,1787.122,,
2,211,0.29993,693.6993,940.7898,,
1,212,0.037915,1531.394,1692.344,,
2,212,0.037164,634.734,392.8727,,
1,219,0.18754,2770.733,3277.179,,
2,219,0.16185,997.6832,1072.03,,
2,302,0.15831,1542.169,1888.665,,
1,302,0.28243,2228.72,1965.053,,
2,303,0.2259,685.8401,629.7216,,
1,303,0.32264,3134.356,1373.878,,
2,307,0.32499,1296.128,496.2596,,
1,307,0.16646,798.5003,498.1529,,
1,308,0.061204,512.5807,1762.859,,
2,308,0.053719,2246.906,1187.702,,
1,309,0.070261,732.4826,820.7682,,
2,309,0.079397,85.907,155.6088,,
1,310,0.18592,1087.429,1972.894,,
2,310,0.060502,1024.344,349.3482,,
2,311,0.043973,1268.014,393.9713,,
1,311,0.043855,162.7729,317.8886,,
1,404,0.062468,529.2055,564.9387,,
2,404,0.088343,199.0147,478.5898,,
1,409,0.036167,1035.891,2646.825,,
2,409,0.014002,20.249,55.0923,,
2,410,0.18044,477.4834,748.0245,,
1,410,0.07389,1838.677,1024.958,,
2,415,0.065109,8.516582,61.32936,,
1,415,0.21812,286.8777,1885.203,,
1,423,0.10993,1161.01,697.8455,,
2,423,0.066606,235.5664,163.6236,,
1,501,0.78687,1751.882,2795.532,,
2,501,0.12482,1815.572,1245.07,,
2,502,0.1162,166.4415,547.5254,,
1,502,0.064287,4.567742,117.3815,,
2,503,0.2775,590.1881,1130.379,,
1,503,0.86427,1089.944,284.4386,,
1,504,0.47898,1352.081,2221.094,,
2,504,0.24297,929.2452,830.3526,,
2,508,0.021945,853.9905,236.4176,,
1,508,0.14443,1683.264,915.2062,,
1,511,0.1685,1440.43,1861.294,,
2,511,0.16422,1012.746,589.2706,,
1,519,0.083266,2028.297,1222.661,,
2,519,0.54,179.5943,216.8074,,
2,521,0.12378,17.03868,71.08807,,
1,521,0.13582,2817.217,1181.472,,
2,523,0.037044,32.63282,32.09393,,
1,523,0.041987,6001.951,720.2346,,
1,604,0.12744,2940.268,787.3375,,
2,604,0.3295,485.5547,42.87997,,
1,605,0.26257,788.1921,842.6147,,
2,605,0.13287,343.5439,638.9543,,
1,609,0.090103,2308.23,1394.188,,
2,609,0.1871,2105.032,703.9171,,
2,611,0.7178,15.46247,50.43235,,
1,611,0.03693,3042.509,1333.432,,
2,612,0.048351,474.4353,113.852,,
1,612,0.082268,1580.904,569.3937,,
1,619,0.16205,352.2947,657.4,,
2,619,0.17513,333.5201,1022.415,,
1,620,0.23004,10998.37,1715.301,,
2,620,0.97981,834.7455,838.6504,,
2,621,0.17672,722.1701,1713.247,,
1,621,0.015237,927.3126,1121.928,,
1,623,0.156,4720.104,581.5455,,
2,623,0.22535,2326.621,1214.727,,
2,707,0.49533,404.4156,259.4141,,
1,707,0.05452,761.6146,555.963,,
1,709,0.052821,629.6609,536.1295,,
2,709,0.056357,900.7747,1082.674,,
2,710,0.079906,350.0034,1027.289,,
1,710,0.05554,974.6336,292.0995,,
2,712,0.21363,1272.194,1237.275,,
1,712,0.023501,2490.375,1913.294,,
1,715,0.012209,8816.014,401.4892,,
2,715,0.58198,660.046,246.519,,
1,801,0.20192,2000.801,647.596,,
2,801,0.26722,338.3799,591.5128,,
2,803,0.021772,3043.547,318.323,,
1,803,0.026241,146.4633,154.7841,,
2,805,0.080202,833.7057,409.5319,,
1,805,0.097441,433.5248,663.0957,,
2,807,0.10404,1057.52,562.0562,,
1,807,0.11242,996.1964,128.7358,,
2,809,0.2522,1069.33,945.7068,,
1,809,0.26251,324.8072,340.2381,,
2,811,0.083451,3.571767,134.1349,,
1,811,0.16513,924.5732,284.7659,,
2,820,0.093835,107.7441,583.6176,,
1,820,0.022936,1116.548,1467.449,,
2,823,0.19848,430.821,289.9102,,
1,823,0.14233,1068.909,963.1205,,
1,901,0.076092,852.4804,964.5045,,
2,901,0.065396,128.5001,442.4792,,
1,902,0.066459,1755.565,1536.322,,
2,902,0.10494,1621.098,524.1002,,
2,903,0.02866,587.1752,1014.003,,
1,903,0.081965,948.493,526.8204,,
1,906,0.05521,5198.385,1663.372,,
2,906,0.11443,2022.352,2049.132,,
1,907,0.088145,2913.692,777.9057,,
2,907,0.070238,971.2083,932.4598,,
2,908,0.11755,577.8788,1441.495,,
1,908,0.18321,695.3259,893.996,,
2,909,0.30107,1184.318,775.5554,,
1,909,0.236,804.2159,413.1864,,
2,911,0.10782,622.7764,600.9789,,
1,911,0.14488,798.6011,596.5225,,
1,924,0.22601,1416.434,545.5665,,
2,924,0.45706,554.7419,417.8001,,
1,1001,0.021187,13550.84,1547.712,,
2,1001,0.021126,1394.062,303.6815,,
2,1002,0.093944,641.6242,587.3617,,
1,1002,0.26046,2851.611,2030.249,,
1,1003,0.17862,997.4542,1167.908,,
2,1003,0.13836,1934.599,1107.152,,
1,1007,0.16083,1923.699,1640.396,,
2,1007,0.093825,554.918,535.9315,,
1,1012,0.12738,1595.151,1485.576,,
2,1012,0.12405,1699.958,826.4811,,
1,1014,0.043208,613.7068,367.9909,,
2,1014,0.45281,911.7793,1011.501,,
2,1017,0.21503,1535.204,1037.151,,
1,1017,0.24734,2629.005,1675.837,,
2,1018,0.095435,260.2771,149.4123,,
1,1018,0.055834,5809.794,1768.981,,
2,1024,0.1518,352.9739,403.793,,
1,1024,0.097202,525.199,469.8494,,
2,1101,0.12803,328.8662,279.8519,,
1,1101,0.13679,0,1364.21,,
2,1104,0.10256,897.8102,78.06232,,
1,1104,0.044549,1447.841,595.7023,,
1,1105,0.15854,1600.504,2553.282,,
2,1105,0.070554,3329.076,1503.732,,
2,1106,0.028023,2152.474,941.3234,,
1,1106,0.029395,2802.949,2171.648,,
2,1108,0.023709,2888.671,568.5242,,
1,1108,0.095908,212.9744,370.621,,
2,1109,0.16713,687.7556,913.6197,,
1,1109,0.062892,492.6756,2129.098,,
1,1111,0.25351,3632.355,1096.057,,
2,1111,0.34234,506.0428,358.3354,,
1,1112,0.076708,2764.135,3454.953,,
2,1112,0.074624,1465.76,1028.556,,
2,1119,0.19355,801.4961,411.6784,,
1,1119,0.15633,1743.038,1189.497,,
2,1204,2.1616,294.12,150.522,,
1,1204,0.52077,1927.636,5400,,
2,1205,0.040812,1047.818,459.552,,
1,1205,0.11146,45.67878,230.6131,,
2,1207,0.12834,2154.308,851.5952,,
1,1207,0.2097,1374.818,1744.452,,
1,1209,0.14493,839.5718,1094.892,,
2,1209,0.085471,604.6324,325.43,,
1,1210,0.11726,571.9599,655.2671,,
2,1210,0.04124,71.75661,65.98934,,
1,1212,0.038055,395.774,667.1273,,
2,1212,0.025311,317.2757,275.0337,,
1,1218,0.056239,147.7849,1135.102,,
2,1218,0.043847,534.0882,357.8154,,
1,1302,0.065667,718.2766,754.983,,
2,1302,0.073902,673.9245,597.9897,,
2,1303,0.044774,1787.591,111.4192,,
1,1303,0.044986,11166.43,657.5233,,
2,1304,0.54978,781.3369,853.2063,,
1,1304,0.43484,958.9281,1330.489,,
2,1306,0.14387,498.2906,208.539,,
1,1306,0.26767,2352.543,1254.469,,
1,1307,0.091104,952.9603,623.9466,,
2,1307,0.18514,839.2078,1893.559,,
2,1308,0.046291,2005.465,1346.498,,
1,1308,0.060404,2568.317,690.3279,,
2,1309,0.040677,1458.704,470.1531,,
1,1309,0.024549,598.6962,17.67273,,
1,1312,0.34302,231.929,69.47046,,
2,1312,0.095362,897.2948,287.1816,,
2,1316,0.58313,74.09102,162.275,,
1,1316,0.618,1299.698,793.192,,
1,1319,0.039253,1808.414,592.0068,,
2,1319,0.055317,251.0667,172.8127,,
2,1401,0.40934,1240.88,444.7874,,
1,1401,0.94368,1334.696,143.0244,,
1,1402,0.42316,1713.138,1888.182,,
2,1402,0.49777,666.4421,705.7816,,
1,1404,0.24812,718.2146,640.2216,,
2,1404,0.008299,11947.42,1297.713,,
2,1407,0.1111,513.4944,1005.163,,
1,1407,0.089979,1475.791,1464.6,,
2,1408,0.05757,2765.393,1870.967,,
1,1408,0.016821,2111.938,1375.943,,
2,1409,0.053622,396.433,177.0344,,
1,1409,0.07502,2065.276,573.742,,
1,1410,0.077082,1668.427,1706.777,,
2,1410,0.02531,1270.873,558.7422,,
1,1412,0.010587,2347.548,287.0756,,
2,1412,0.053054,494.372,553.7131,,
2,1413,0.20721,1907.596,370.8588,,
1,1413,0.087209,11.73585,310.3313,,
2,1415,0.31245,332.014,871.4294,,
1,1415,0.05513,8601.252,2598.644,,
1,1501,0.087147,2248.179,858.2671,,
2,1501,0.17273,792.601,1362.703,,
2,1505,0.15631,787.1389,912.1781,,
1,1505,0.022939,405.4512,607.2579,,
2,1506,0.045937,303.5132,850.1144,,
1,1506,0.026998,560.0448,265.6568,,
2,1507,0.030013,250.6224,349.6452,,
1,1507,0.072366,991.8834,1840.456,,
2,1601,0.15905,698.595,426.4054,,
1,1601,0.044948,3478.903,683.8267,,
2,1602,0.043215,384.097,0,,
1,1602,0.037865,648.0372,1129.226,,
1,1605,0.055555,2334.049,2185.701,,
2,1605,0.05287,1344.954,830.0681,,
1,1606,0.038476,136.539,981.7316,,
2,1606,0.028148,1193.71,404.01,,
2,1607,0.07726,5170.833,365.4966,,
1,1607,0.099784,3395.509,342.146,,
1,1608,0.078907,1716.002,1144.834,,
2,1608,0.095656,634.5851,562.1985,,
1,1609,0.1243,1596.453,1117.927,,
2,1609,0.077333,2372.671,1915.469,,
1,1611,0.048755,320.8213,549.0568,,
2,1611,0.066914,528.8033,134.6987,,
2,1612,0.050926,2767.863,407.1527,,
1,1612,0.064936,688.3225,625.1512,,
2,1617,0.020015,9302.985,258.8943,,
1,1617,0.14673,863.6772,438.2756,,
2,1619,0.49412,362.0957,10.82564,,
1,1619,0.092723,377.8219,543.5125,,
2,1702,0.056603,2489.354,1386.434,,
1,1702,0.14436,509.1776,827.8284,,
1,1703,0.10007,318.3063,1676.616,,
2,1703,0.079919,552.3491,349.695,,
2,1704,0.24682,896.7979,206.8198,,
1,1704,0.40053,928.4119,942.2471,,
1,1708,0.12854,637.0172,694.5222,,
2,1708,0.4473,1703.898,392.5898,,
1,1711,0.031323,319.3702,502.9756,,
2,1711,0.049709,281.3536,71.2887,,
2,1713,0.77094,35.12101,269.5584,,
1,1713,0.8947901,1767.538,896.3738,,
1,1714,0.078009,410.6922,1037.769,,
2,1714,0.77495,1449.544,1782.524,,
2,1723,0.18427,347.8551,139.1798,,
1,1723,0.092496,1862.713,1793.753,,
2,1801,0.033366,178.7864,189.3354,,
1,1801,0.080821,3385.824,1096.882,,
2,1803,0.39269,2588.729,1321.384,,
1,1803,0.044546,5325.864,1821.098,,
2,1804,0.067075,778.0023,1393.835,,
1,1804,0.25566,987.4719,1262.97,,
2,1805,0.106,1048.83,175.7859,,
1,1805,0.1096,3529.936,968.5568,,
1,1806,0.14401,1901.275,1419.211,,
2,1806,0.068723,3209.088,1352.307,,
1,1808,0.275,937.8257,848.0397,,
2,1808,0.27608,777.3743,1524.599,,
1,1809,0.31009,811.4513,692.8273,,
2,1809,0.2217,1165.649,633.5462,,
1,1810,0.10087,0,532.5636,,
2,1810,0.03764,788.8062,212.4273,,
2,1821,0.2308,3226.853,1770.753,,
1,1821,0.16625,2031.952,1157.96,,
2,1822,0.06029,44.73143,0,,
1,1822,0.032397,951.6372,798.5915,,
2,1905,0.059205,9551.7,1020.397,,
1,1905,0.31468,599.6546,950.7267,,
2,1907,0.13791,665.4255,569.4672,,
1,1907,0.1508,922.4266,102.2824,,
1,1909,0.19557,162.5209,260.046,,
2,1909,0.18081,440.3906,580.9268,,
1,1910,0.024883,1020.269,693.5637,,
2,1910,0.11007,336.8221,1201.714,,
2,1911,0.16021,604.1113,774.3231,,
1,1911,0.15122,1245.387,1418.403,,
2,1912,0.015967,1220.174,1428.601,,
1,1912,0.036707,1446.804,1502.026,,
2,1915,0.092097,1371.228,493.6829,,
1,1915,0.043877,5969.864,562.1682,,
2,1916,0.34462,1415.031,1086.893,,
1,1916,0.32482,1257.161,1145.672,,
2,1917,0.16694,1410.609,1498.8,,
1,1917,0.10553,1919.38,970.1659,,
2,1918,0.081264,10076.64,1196.439,,
1,1918,0.097602,2615.008,724.2806,,
1,2002,0.155,816.9935,1389.104,,
2,2002,0.12497,266.2238,425.6254,,
1,2003,0.16564,273.1512,796.5005,,
2,2003,0.18316,248.0889,87.72549,,
2,2004,0.11257,1412.828,206.2974,,
1,2004,0.027801,2549.448,546.2625,,
1,2007,0.036106,1759.221,425.9846,,
2,2007,0.02145,416.2526,441.6568,,
1,2008,0.15795,821.6242,1240.624,,
2,2008,0.17932,328.9347,437.2036,,
1,2009,0.32367,978.0686,964.846,,
2,2009,0.12237,1670.817,994.9224,,
1,2010,0.091542,2250.706,516.6375,,
2,2010,0.0195,8590.016,542.2821,,
1,2012,0.055624,700.9474,2915.753,,
2,2012,0.0096,9186.53,473.902,,
2,2013,0.1602,3515.354,427.259,,
1,2013,0.349,879.8989,1482.523,,
2,2015,0.0246,13736.26,1958.576,,
1,2015,0.068795,673.7031,955.5682,,
2,2102,0.08634,2011.996,658.207,,
1,2102,0.026376,2191.625,769.2631,,
2,2106,0.054511,3590.908,1350.337,,
1,2106,0.051681,3378.899,827.0824,,
1,2107,0.07221,109.063,460.8727,,
2,2107,0.17125,366.512,85.5799,,
2,2108,0.15189,1669.304,403.191,,
1,2108,0.1417,2831.982,582.063,,
2,2109,0.056933,1978.905,259.972,,
1,2109,0.050169,42.39138,21.54886,,
2,2111,0.10913,248.4608,906.5689,,
1,2111,0.080933,891.6561,221.817,,
1,2113,0.25982,1939.338,960.7432,,
2,2113,0.055275,1484.449,394.1865,,
2,2117,0.031466,1038.653,227.4165,,
1,2117,0.043754,29998.38,366.1909,,
1,2118,0.1039,194.9663,667.1171,,
2,2118,1.6779,2243.494,1499.468,,
2,2203,0.14785,222.6865,95.85618,,
1,2203,0.1184,1169.171,207.8562,,
1,2206,0.49327,268.6799,161.85,,
2,2206,0.17019,528.1091,305.8904,,
2,2207,0.095371,234.9013,60.05327,,
1,2207,0.049439,12.63942,31.41818,,
2,2209,0.18878,43.86446,39.9446,,
1,2209,0.37996,61.64093,242.5,,
2,2210,0.11156,522.9178,274.6873,,
1,2210,0.072524,1772.446,791.3721,,
1,2212,0.11166,182.3819,808.9603,,
2,2212,0.33922,468.6799,708.6719,,
1,2214,0.069082,894.1306,1353.874,,
2,2214,0.10369,2600.452,1407.955,,
1,2215,0.15002,857.9922,766.4273,,
2,2215,0.22474,1149.122,1315.986,,
2,2216,0.050751,2953.62,547.6428,,
1,2216,0.015445,483.377,397.9483,,
2,2219,0.18401,1412.642,157.8196,,
1,2219,0.1191,2705.285,718.0318,,
1,2301,0.3197,983.6324,200.2386,,
2,2301,0.074421,0,346.5634,,
2,2302,0.099999,165.0796,272.9222,,
1,2302,0.17079,274.5185,2043.369,,
2,2303,0.18028,700.5128,583.7939,,
1,2303,0.020168,900.1472,338.5148,,
2,2304,0.082874,4707.482,480.2353,,
1,2304,0.14857,695.2852,1087.637,,
1,2305,0.04097,1807.834,329.7909,,
2,2305,0.059777,1294.349,407.7449,,
1,2307,0.37804,815.1833,1651.458,,
2,2307,0.06675,177.724,251.7837,,
2,2309,0.1127,1462.383,923.7587,,
1,2309,0.036405,1174.505,1747.736,,
2,2310,0.048085,239.8944,757.5131,,
1,2310,0.059969,876.6356,751.7762,,
2,2311,0.24585,334.099,349.0305,,
1,2311,0.3411,52.97767,409.6142,,
2,2312,0.4643,694.3684,620.9448,,
1,2312,0.066407,465.7878,1412.211,,
1,2316,0.025809,641.0859,2650.268,,
2,2316,0.035406,1053.063,1223.302,,
1,2319,0.12255,49.77188,46.26307,,
2,2319,0.09877,4348.115,890.2511,,
2,2401,0.051353,735.2046,90.53693,,
1,2401,0.046248,2604.598,1250.922,,
1,2402,0.35509,942.1634,2618.735,,
2,2402,0.48319,653.3795,1046.986,,
2,2404,0.33063,1006.818,900.7177,,
1,2404,0.35569,1060.25,2415.253,,
2,2406,0.58095,904.5654,1903.989,,
1,2406,0.71526,1188.598,844.2274,,
2,2408,0.23519,600.0579,1465.548,,
1,2408,0.06963,2772.438,1633.048,,
2,2409,0.25648,1481.824,1711.792,,
1,2409,0.19867,1271.165,2165.324,,
2,2410,0.080332,136.3986,123.1676,,
1,2410,0.033091,148.2722,1419.129,,
2,2411,0.085585,604.6752,752.4984,,
1,2411,0.026144,5678.474,517.4972,,
2,2412,0.087581,4619.307,1070.264,,
1,2412,0.049817,1166.163,1174.92,,
1,2413,0.26539,1445.622,2234.824,,
2,2413,0.056792,1247.841,277.4327,,
2,2417,0.1589,1976.66,1338.13,,
1,2417,0.31735,1585.54,706.7176,,
1,2501,0.163527,3205.104,1734.498,,
2,2501,0.42088,2124.305,1633.14,,
2,2505,0.94941,350.1349,440.6204,,
1,2505,0.27797,1380.233,1527.991,,
2,2507,0.044104,2792.841,747.4072,,
1,2507,0.080206,3196.686,602.7534,,
1,2508,0.088581,2233.779,650.666,,
2,2508,0.12396,1095.57,806.3125,,
1,2509,0.033395,1713.495,1432.927,,
2,2509,0.15417,665.0681,474.4748,,
2,2511,0.24579,1060.175,638.4888,,
1,2511,0.064142,4308.051,1051.201,,
1,2512,0.023752,407.1094,1076.346,,
2,2512,0.1191,266.1934,1471.984,,
2,2513,0.24731,326.0567,1053.277,,
1,2513,0.023693,7464.533,1947.348,,
1,2514,0.08836,810.5604,596.8074,,
2,2514,0.10627,3772.615,359.5428,,
1,2516,0.42845,909.0178,958.9511,,
2,2516,0.3381,411.1715,55.06303,,
2,2602,0.088655,851.012,1296.036,,
1,2602,0.18919,801.3249,1885.44,,
2,2603,0.061105,672.2971,599.1945,,
1,2603,0.065381,1204.886,668.3204,,
2,2604,0.036926,327.5896,601.45,,
1,2604,0.04354,794.415,2474.063,,
1,2605,0.028739,1368.478,904.8937,,
2,2605,0.083282,1633.218,1097.086,,
2,2607,0.26593,1451.452,1714.85,,
1,2607,0.16925,3226.045,507.4836,,
2,2608,0.095308,1412.304,1327.634,,
1,2608,0.096465,744.0061,1525.044,,
2,2610,0.38592,485.5674,540.147,,
1,2610,0.37316,269.4256,2126.577,,
2,2612,0.30019,850.9479,872.4127,,
1,2612,0.3017,1251.251,1949.223,,
2,2621,0.13335,2091.442,2255.843,,
1,2621,0.24858,243.5475,2515.361,,
1,2623,0.49608,1544.656,2371.823,,
2,2623,0.11149,2323.029,2083.261,,
1,2624,0.49655,1328.48,1624.42,,
2,2624,0.33779,603.5185,972.7919,,
2,2703,0.065288,1063.245,865.7399,,
1,2703,0.051384,3487.808,1524.644,,
2,2704,0.4029,450.2024,1025.913,,
1,2704,0.057579,9558.707,1442.421,,
2,2705,0.16478,960.975,903.718,,
1,2705,0.017394,8162.813,2003.212,,
2,2706,0.043697,330.1383,812.1024,,
1,2706,0.034392,4847.336,404.0023,,
2,2708,0.018296,630.9127,434.0996,,
1,2708,0.063288,510.9762,1741.087,,
2,2709,0.14424,131.9803,292.1591,,
1,2709,0.058747,563.9065,1407.745,,
1,2712,0.077785,12745.27,1126.805,,
2,2712,0.18426,179.3265,168.962,,
2,2713,0.017585,653.2131,581.6859,,
1,2713,0.23057,1093.757,895.5375,,
2,2718,0.096488,799.2185,366.68,,
1,2718,0.10911,1994.225,1441.784,,
2,2719,0.043898,453.3575,479.5135,,
1,2719,0.027836,1857.873,607.9506,,
1,2720,0.0258,7158.931,638.7393,,
2,2720,0.15205,768.9667,822.5696,,
2,2803,0.04211,560.0672,92.96272,,
1,2803,0.07391,2994.926,579.4296,,
1,2805,0.7602,4945.924,3919.451,,
2,2805,0.92734,1956.696,1933.672,,
2,2807,0.036836,644.1827,146.8215,,
1,2807,0.052032,300.8299,120.9864,,
1,2808,0.021531,0,549.3046,,
2,2808,0.10236,208.4202,385.4922,,
2,2809,0.70602,35.73368,356.1437,,
1,2809,0.38382,990.2452,587.0801,,
1,2810,0.033342,957.1821,690.7546,,
2,2810,0.18614,667.631,751.2455,,
2,2811,0.30501,491.3548,446.5045,,
1,2811,0.060399,1317.282,1409.582,,
1,2819,0.087626,585.9249,132.9131,,
2,2819,0.14065,339.712,870.824,,
1,2821,0.017866,5136.148,658.9756,,
2,2821,0.060459,80.2434,285.3084,,
2,2822,0.056149,341.8524,385.8084,,
1,2822,0.055024,756.9465,190.4489,,
2,2906,0.053458,1256.332,1489.223,,
1,2906,0.013157,3640.548,1115.102,,
2,2907,0.29615,148.647,195.9614,,
1,2907,0.298,946.3558,971.9619,,
2,2908,0.1854,212.6842,244.9472,,
1,2908,0.030416,9537.2,876.6608,,
2,2911,0.040455,1844.111,1636.772,,
1,2911,0.017753,1904.399,2222.385,,
2,2912,0.22465,948.2742,824.3716,,
1,2912,0.055584,362.0597,293.2307,,
2,2913,0.056866,554.829,889.7285,,
1,2913,0.012493,3974.107,3771.513,,
2,2915,0.31456,21.20726,374.9023,,
1,2915,0.088293,2540.871,983.8295,,
2,2916,0.11683,1443.349,1059.543,,
1,2916,0.010975,436.958,1111.046,,
1,2919,0.070918,2113.571,1493.603,,
2,2919,0.2023,294.1966,686.2729,,
2,2920,0.11776,148.4845,375.4972,,
1,2920,0.047071,1284.291,1165.702,,
2,3001,0.12659,253.447,587.91,,
1,3001,0.073827,1455.268,1602.834,,
1,3002,0.17962,2233.731,950.1222,,
2,3002,1.1339,2236.59,1448.934,,
1,3004,0.04303,1248.274,200.9239,,
2,3004,0.092124,7.251985,184.9473,,
1,3007,0.099897,1675.647,1282.915,,
2,3007,0.16897,1627.013,1159.241,,
1,3008,0.11392,1898.082,124.6131,,
2,3008,0.054908,237.0924,598.2571,,
1,3011,0.16396,223.615,557.9477,,
2,3011,0.081286,622.6156,1174.413,,
2,3012,0.11107,642.5123,887.8276,,
1,3012,0.041075,1535.509,744.0284,,
2,3018,0.30632,753.5342,78.68467,,
1,3018,0.27603,991.7105,458.6824,,
1,3104,0.034073,1558.944,2585.036,,
2,3104,0.089302,2322.014,438.8107,,
2,3105,0.023435,3391.612,1027.588,,
1,3105,0.10762,536.4767,371.8074,,
1,3107,0.029481,2296.295,465.967,,
2,3107,0.27251,1300.213,922.2771,,
1,3108,0.11442,424.9788,1063.881,,
2,3108,0.087271,741.9223,1470.496,,
2,3110,0.059949,56.02346,518.7656,,
1,3110,0.13216,1526.317,399.9057,,
1,3111,0.16603,213.3734,571.6346,,
2,3111,0.22214,602.5739,692.1898,,
1,3112,0.061705,223.3044,662.0886,,
2,3112,0.16716,1555.113,661.6179,,
2,3113,0.22216,926.9559,1314.416,,
1,3113,0.17006,428.4134,1176.403,,
1,3115,0.025742,5334.991,759.438,,
2,3115,0.089365,502.2184,466.4909,,
2,3116,0.29236,464.3171,1228.885,,
1,3116,0.3604,0,644.7608,,
2,3117,0.032476,1227.182,713.6566,,
1,3117,0.11064,552.2437,725.1448,,
2,3119,0.047085,73.73725,248.0493,,
1,3119,0.18439,16.44749,822.8273,,
1,3203,0.05638,2574.476,958.0165,,
2,3203,0.15636,146.7058,472.756,,
1,3205,0.018146,593.6591,193.4278,,
2,3205,0.030747,246.4369,241.9373,,
1,3207,0.062162,2082.675,466.9602,,
2,3207,0.034185,233.9392,153.1529,,
2,3210,0.16208,35.9441,54.92329,,
1,3210,0.1015,119.7541,62.81932,,
2,3212,0.070358,1188.28,1550.252,,
1,3212,0.048994,8334.719,487.7166,,
1,3213,0.18855,1008.286,1452.992,,
2,3213,0.072276,728.6416,1030.035,,
2,3214,0.15392,229.7958,85.63828,,
1,3214,0.16491,6138.358,415.271,,
2,3220,0.10978,584.4903,1113.988,,
1,3220,0.12548,289.4931,478.95,,
2,3223,0.10088,99.08967,249.9925,,
1,3223,0.073782,78.84817,214.8352,,
2,3302,0.213309,2139.226,1403.132,,
1,3302,0.24137,501.316,776.5717,,
1,3304,0.069369,1260.871,1797.609,,
2,3304,0.214604,8672.354,1758.839,,
2,3305,0.2935,115.3656,480.3855,,
1,3305,0.30745,470.0863,2612.527,,
1,3308,0.12193,4170.4,919.196,,
2,3308,0.061531,906.9308,1334.912,,
2,3309,0.10576,713.9335,89.04423,,
1,3309,0.11729,2294.777,430.1613,,
1,3310,0.16179,370.5385,338.6335,,
2,3310,0.16306,267.1212,616.3599,,
2,3311,0.04897,3107.409,1644.667,,
1,3311,0.122,2200.388,572.1761,,
1,3312,0.19969,2005.298,512.2153,,
2,3312,0.91485,896.6534,1185.491,,
2,3313,0.16933,2462.532,1254.406,,
1,3313,0.13139,4033.158,1789.614,,
2,3317,0.21383,1327.11,1618.086,,
1,3317,0.10471,7302.113,1175.385,,
2,3319,0.19582,1005.21,871.8862,,
1,3319,0.10434,1265.793,735.7966,,
1,3401,0.011129,6482.59,2642.631,,
2,3401,0.087803,526.0012,217.593,,
2,3402,0.035083,1743.193,1205.87,,
1,3402,0.14134,4447.565,370.158,,
2,3404,0.17183,1892.941,843.7382,,
1,3404,0.48992,1361.807,957.2341,,
1,3407,0.031895,3791.451,1307.958,,
2,3407,2.5638,3096.895,1919.261,,
2,3408,0.13216,1479.008,1465.599,,
1,3408,0.097605,3867.23,1573.362,,
1,3410,0.40695,163.723,521.6437,,
2,3410,0.05216,9971.554,442.9109,,
2,3411,0.234,1330.761,1209.025,,
1,3411,0.23065,1683.198,1316.372,,
2,3415,0.29827,1070.682,913.2982,,
1,3415,0.02251,31603.15,717.4665,,
1,3416,0.063964,6051.901,1399.668,,
2,3416,0.22113,583.4388,356.9494,,
1,3501,0.026644,1870.943,576.3256,,
2,3501,0.10979,1934.423,2044.976,,
1,3502,0.021822,4182.643,1190.576,,
2,3502,0.052483,2712.497,1316.487,,
2,3504,0.1875,520.3224,1023.07,,
1,3504,0.38547,1604.098,1538.439,,
2,3505,0.11918,1026.646,1887.355,,
1,3505,0.097207,1658.055,3140.342,,
1,3509,0.094803,6480.977,1105.89,,
2,3509,0.074432,2060.534,125.6341,,
2,3510,0.12113,882.1617,2061.16,,
1,3510,0.08072,7.389089,3484.648,,
2,3511,0.11587,274.0477,362.6948,,
1,3511,0.097062,1581.688,662.7983,,
2,3512,0.026026,254.7641,103.4768,,
1,3512,0.13149,1649.319,991.2176,,
1,3514,0.014908,9324.327,841.8523,,
2,3514,0.045034,1941.295,1321.423,,
1,3515,0.00849,6721.907,346.9,,
2,3515,0.040618,2296.17,750.3482,,
1,3519,0.040945,616.2537,788.7381,,
2,3519,0.030381,667.1949,313.1108,,
1,3520,0.046869,1015.631,806.7154,,
2,3520,0.060302,75.53864,220.353,,
2,3601,0.55704,5448.206,394.5634,,
1,3601,0.44674,11292.66,2743.697,,
1,3604,0.022747,153.5291,1018.895,,
2,3604,0.097373,1425.972,559.0959,,
2,3605,0.47568,2363.195,2298.713,,
1,3605,0.038107,20771.6,2365.628,,
1,3606,0.012636,951.0007,272.067,,
2,3606,0.27837,551.5314,538.646,,
2,3607,0.084632,2039.521,435.4842,,
1,3607,0.058756,1764.734,674.1875,,
1,3608,0.075871,86.23863,19.32273,,
2,3608,0.069393,495.0592,85.61293,,
2,3609,0.22198,126.7563,320.096,,
1,3609,0.057844,399.2707,761.8244,,
1,3610,0.0236,2314.815,786.8903,,
2,3610,0.055432,3824.033,464.9283,,
1,3611,0.1259,2197.689,324.3659,,
2,3611,0.058687,175.6702,309.2292,,
1,3612,0.013852,5062.437,1395.19,,
2,3612,0.05593,876.8671,685.2829,,
2,3615,0.079817,1807.939,1150.923,,
1,3615,0.020727,13349.71,2476.966,,
1,3618,0.88912,344.6948,1358.119,,
2,3618,0.62726,589.0756,121.1868,,
2,3702,0.064583,314.2343,505.008,,
1,3702,0.01349,4188.503,443.2108,,
2,3705,0.13075,651.3872,1932.806,,
1,3705,0.40415,1166.15,1427.814,,
1,3707,0.01355,15441.46,214.7097,,
2,3707,0.027827,493.2039,719.5497,,
1,3708,0.020323,2529.677,511.9784,,
2,3708,0.073495,396.5209,124.0364,,
1,3709,0.15121,970.5553,852.1829,,
2,3709,0.087219,296.9599,136.8549,,
2,3711,0.24933,963.2405,1263.043,,
1,3711,0.024414,17614.6,210.5659,,
1,3712,0.066861,4930.755,205.4693,,
2,3712,0.062284,398.4101,150.7356,,
2,3715,0.1996,3811.125,1383.249,,
1,3715,0.068276,10561.89,3035.116,,
2,3716,0.083308,705.3415,430.5128,,
1,3716,0.2518,688.7885,1166.038,,
1,3720,0.076691,2637.693,915.796,,
2,3720,0.18878,822.4586,1836.457,,
1,3723,0.019229,2826.17,1452.969,,
2,3723,0.017001,697.7759,771.8602,,
1,3724,0.10107,123.6136,290.3966,,
2,3724,0.031158,114.3443,108.7975,,
2,4302,0.08129,2522.779,631.8319,,
1,4302,0.1284,1094.568,474.3494,,
2,4303,0.1232,342.4658,389.4838,,
1,4303,0.10968,861.1107,700.6545,,
1,4305,0.1441,1759.325,287.5943,,
2,4305,0.058541,10.9774,23.70455,,
2,4306,0.24919,1194.72,571.2319,,
1,4306,0.46248,676.3539,596.9,,
2,4307,0.02508,9102.412,594.7077,,
1,4307,0.1191,322.6013,365.5193,,
1,4308,0.086287,1720.705,1527.698,,
2,4308,0.012107,9764.102,971.6724,,
1,4312,0.19565,1438.774,1278.02,,
2,4312,0.043866,629.52,1021.427,,
1,4318,0.082551,2344.887,620.9284,,
2,4318,0.066959,49.53847,173.6813,,
2,4319,0.15255,137.0523,93.76762,,
1,4319,0.31866,246.4775,593.0784,,
2,4407,0.17442,383.1358,639.2955,,
1,4407,0.098364,1785.163,506.1079,,
1,4409,0.11358,351.2031,113.7761,,
2,4409,0.081319,725.7769,322.737,,
2,4410,0.72436,697.2758,900.729,,
1,4410,0.36949,136.5699,2396.78,,
2,4411,0.092082,727.9764,682.0419,,
1,4411,0.087666,821.8363,674.0107,,
2,4412,0.092056,842.7575,1475.969,,
1,4412,0.073433,874.9457,592.5773,,
2,4415,0.19756,41.90093,177.7864,,
1,4415,0.060362,1689.146,1359.841,,
2,4421,0.039479,2980.197,1100.602,,
1,4421,0.24319,178.82,582.6307,,
2,4423,0.36502,609.342,1105.418,,
1,4423,0.39747,181.524,608.642,,
2,4424,0.099141,616.6339,1050.115,,
1,4424,0.0385,2251.705,1023.675,,
1,4501,0.025631,3438.768,1588.934,,
2,4501,0.031989,1461.316,1266.823,,
2,4503,0.082123,520.5743,903.2264,,
1,4503,0.10024,601.0339,2048.228,,
2,4504,0.29522,200.996,61.37962,,
1,4504,0.0431,1520.681,499.2993,,
2,4505,0.29915,839.0303,1658.38,,
1,4505,1.3748,2422.166,1962.944,,
1,4507,0.22192,938.0104,723.6938,,
2,4507,0.11107,205.1315,1090.952,,
2,4508,0.055763,837.5088,449.1349,,
1,4508,0.030145,675.7104,140.3301,,
2,4509,0.2499,115.7324,395.0838,,
1,4509,0.21216,78.12833,151.4659,,
2,4510,0.059702,302.1151,597.8869,,
1,4510,0.10878,1405.189,1704.043,,
2,4511,0.13488,487.8883,845.9082,,
1,4511,0.10868,1523.945,1858.767,,
1,4512,0.27609,214.3257,125.9722,,
2,4512,0.05619,412.4679,393.6644,,
2,4514,0.27816,1609.876,678.1074,,
1,4514,0.78772,2.083157,1226.172,,
2,4519,0.39612,1154.675,593.8707,,
1,4519,0.41085,984.9185,134.3,,
2,7601,0.42074,789.2224,912.634,,
1,7601,0.032156,6395.168,766.3244,,
2,7602,0.40204,792.088,895.606,,
1,7602,0.083022,9256.745,585.1097,,
2,7605,0.18932,1195.793,1653.264,,
1,7605,0.20654,523.3879,243.9773,,
1,7606,0.07797,2550.269,1776.294,,
2,7606,0.22679,1140.425,288.3748,,
1,7607,0.14938,914.1974,930.9977,,
2,7607,0.13115,515.1713,456.6312,,
2,7608,0.060491,924.3682,817.7162,,
1,7608,0.076718,2149.156,1937.652,,
2,7609,0.34476,1965.448,1140.445,,
1,7609,0.046361,11411.91,663.5676,,
2,7610,0.081614,1676.158,0,,
1,7610,0.06139,6870.332,961.1267,,
1,7611,0.069564,1559.302,1786.721,,
2,7611,0.15084,902.4695,959.1346,,
2,7612,0.13756,2008.095,667.1128,,
1,7612,0.068502,261.3714,1156.124,,
1,7613,0.26429,1775.454,2394.991,,
2,7613,0.3215,1159.284,484.3036,,
1,7614,0.281,716.8459,1993.069,,
2,7614,0.073157,3805.062,0,,
2,7702,0.13703,1059.396,295.6188,,
1,7702,0.15842,505.0338,540.3954,,
1,7703,0.27185,1296.976,441.3466,,
2,7703,0.13735,3818.251,263.9352,,
1,7704,0.065951,11727.73,126.5631,,
2,7704,0.22467,476.5506,1098.51,,
1,7705,0.20332,1064.093,1714.088,,
2,7705,0.15647,1777.69,710.0505,,
2,7706,0.074716,776.2949,826.6426,,
1,7706,0.14772,1874.379,1248.829,,
2,7707,0.065467,352.199,292.4872,,
1,7707,0.15443,363.1541,1126.743,,
2,7708,0.04913,594.1714,125.2654,,
1,7708,0.1109,295.0732,2393.527,,
2,7709,0.15382,2555.813,1207.375,,
1,7709,0.15964,1319.674,225.1778,,
2,7710,0.21742,1260.86,1322.564,,
1,7710,0.23528,1232.378,2009.231,,
1,7711,0.49909,1516.862,1243.364,,
2,7711,0.16436,474.6651,1825.483,,
1,7712,0.083381,647.2983,462.0159,,
2,7712,0.083971,296.9327,154.4403,,
1,7713,0.20854,3389.174,1134.947,,
2,7713,0.33827,1807.937,819.8438,,
1,7801,0.13803,6477.705,1149.018,,
2,7801,0.083125,1412.878,668.823,,
2,7802,0.072461,328.1907,416.0952,,
1,7802,0.021909,2065.418,1586.133,,
2,7803,0.13022,837.0029,1223.12,,
1,7803,0.35871,4590.857,819.2011,,
2,7804,0.093022,439.4906,414.0559,,
1,7804,0.011731,8940.762,1359.545,,
2,7805,0.24387,2061.764,1450.766,,
1,7805,0.095318,1740.919,1502.193,,
1,7806,0.049784,5979.071,1576.548,,
2,7806,0.11782,351.95,284.7125,,
2,7807,0.096446,558.3824,474.8723,,
1,7807,0.46879,1071.446,1729.655,,
2,7809,0.038605,347.8987,134.2034,,
1,7809,0.07423,2481.866,1272.779,,
2,7810,0.18729,457.7424,581.8024,,
1,7810,0.02499,292.4074,741.6522,,
2,7812,0.076686,413.5895,547.5096,,
1,7812,0.097967,666.8959,1077.968,,
2,7823,0.08617,526.7053,1259.079,,
1,7823,0.07195,1569.743,1133.728,,
2,7902,0.065249,116.414,366.4272,,
1,7902,0.095182,1547.29,641.5671,,
1,7904,0.048116,1301.067,1252.118,,
2,7904,0.041808,580.449,902.3736,,
2,7906,0.15158,254.856,1102.366,,
1,7906,0.012523,7369.723,163.9665,,
2,7908,0.16876,918.837,362.5459,,
1,7908,0.040592,497.0556,557.8233,,
1,7909,0.089473,2241.122,381.0216,,
2,7909,0.21001,1230.529,593.7211,,
1,7910,0.008437,46903.56,507.4364,,
2,7910,0.24006,433.8362,293.5811,,
1,7911,0.039503,938.501,185.9466,,
2,7911,0.13897,377.1592,522.4716,,
1,7912,0.16693,943.9871,1011.206,,
2,7912,0.044539,13612.83,2041.345,,
1,7914,0.028097,1958.482,610.7921,,
2,7914,0.066677,709.83,739.0747,,
2,7916,0.046628,0,27.52131,,
1,7916,0.045154,9401.024,943.929,,
1,7923,0.094954,3640.131,630.5483,,
2,7923,0.30587,267.1386,979.0265,,
2,8001,0.14014,596.0765,277.959,,
1,8001,0.008986,22367.13,410.4699,,
1,8002,0.086942,3654.46,1359.685,,
2,8002,0.055365,1187.771,479.0726,,
2,8003,0.16578,226.3508,125.897,,
1,8003,0.033689,6475.703,691.223,,
2,8004,0.040637,286.9117,230.5551,,
1,8004,0.030601,637.389,777.1454,,
2,8005,0.13644,747.09,753.0362,,
1,8005,0.002757,5160.396,123.217,,
1,8006,0.02038,42.50729,179.6244,,
2,8006,0.14373,408.3288,873.9091,,
2,8007,0.077814,596.5816,1330.846,,
1,8007,0.15331,662.616,894.1205,,
2,8008,0.49886,459.0744,281.1103,,
1,8008,0.10244,743.2454,894.5102,,
2,8009,0.072158,674.0402,1088.936,,
1,8009,0.083668,12.2447,50.75568,,
1,8010,0.059522,5389.879,298.7566,,
2,8010,0.056506,392.2,641.8337,,
2,8011,0.045855,1347.144,657.5381,,
1,8011,0.057521,432.2689,681.2062,,
2,8012,0.14059,19.40741,594.7606,,
1,8012,0.035481,3266.921,230.2523,,